OEU-101|À quelles conditions une œuvre sert-elle réellement ses destinataires ?|benedict@ch. 53, accueil des hôtes@Donne un modèle concret d’hospitalité institutionnelle|gregory@livre II, ch. 1–6@Relie charge publique et conduite du responsable|bible@Actes 6,1–7@Présente une organisation du service et une répartition des tâches|Rédiger une charte de mission distinguant bénéficiaires, responsabilités et voies de recours|Une communauté monastique n’est pas une association moderne.
OEU-102|Comment répartir l’autorité sans confondre responsabilité et domination ?|benedict@ch. 2–3 et 64@Compare direction, consultation et choix du responsable|gregory@livre II, ch. 6@Interroge humilité et autorité|newman-conscience@section 5@Introduit la limite de l’obéissance dans la conscience|Construire une matrice de décisions avec consultation, justification et recours|Les pouvoirs canoniques historiques ne valent pas délégation juridique actuelle.
OEU-103|Comment une institution assure-t-elle la continuité de son service ?|benedict@ch. 31–35 et 48@Documente charges, inventaire et organisation du travail|history-method@livre I, ch. 1–2@Fonde conservation et repérage des documents|gregory@livre II, ch. 7@Compare attention intérieure et tâches extérieures|Dessiner un circuit de transmission d’une responsabilité et ses pièces justificatives|Les procédures produites sont des exercices, non des normes professionnelles.
OEU-104|Comment administrer les biens sans perdre la finalité du service ?|benedict@ch. 31–34@Présente une économie communautaire et ses distributions|st3066@q. 66, a. 1–2 et 7@Distingue propriété, usage et nécessité|rn@passages sur propriété, salaire et associations@Introduit obligations sociales et ressources|Élaborer un budget fictif et justifier trois arbitrages entre réserve et service|Distinguer budget pédagogique et conseil financier.
OEU-105|Qu’est-ce qui rend une archive identifiable et une assertion traçable ?|history-method@livre I ; livre II, section I@Enseigne recherche documentaire et critique externe|eusebius@livre V, ch. 1–2@Permet de distinguer document cité et récit de l’historien|jerome@lettre 57, § 5–6@Montre les effets de traduction sur la transmission|Créer cinq notices avec provenance, version, transcription et degré de certitude|L’authenticité d’une pièce ne garantit pas la vérité de son contenu.
OEU-106|Comment articuler travail, rémunération et coopération ?|rn@passages sur les obligations des travailleurs et des employeurs@Fonde la question sociale dans une source directement pertinente|benedict@ch. 35 et 48@Documente rotation des services et rythme du travail|bible@Jacques 5,1–6@Met en question la rétention du salaire|Comparer deux organisations fictives selon travail, repos et voix des membres|Situer les structures sociales de 1891.
OEU-107|Comment évaluer un équipement à partir des besoins qu’il sert ?|benedict@ch. 31–32 et 57@Relie instruments, métiers et responsabilité|ruskin@The Lamp of Truth@Interroge honnêteté des matériaux et du travail|rn@passages sur les conditions de travail@Introduit la protection du travailleur|Rédiger un cahier des besoins avec maintenance, accessibilité et coût humain|Application éditoriale à la technique actuelle, non enseignement technique issu de ces textes.
OEU-108|Comment contrôler une institution sans confondre preuve et réputation ?|history-method@livre II, critique externe et critique interne@Fournit une méthode d’examen des affirmations et pièces|benedict@ch. 32 et 65@Documente inventaire et responsabilités|bible@Luc 16,1–13@Permet de discuter reddition de comptes et limites d’une parabole|Auditer un dossier fictif en séparant faits établis, pièces manquantes et recommandations|La parabole n’est pas une norme d’audit ; exercice sans certification.
OEU-109|Comment protéger les personnes lorsque l’organisation est en crise ?|benedict@ch. 27, 36–37@Place la fragilité au centre du traitement communautaire|gregory@livre II, ch. 5–6@Interroge attention aux personnes et exercice de l’autorité|bible@Ézéchiel 34,1–16@Offre une critique des responsables négligents|Écrire un scénario de crise avec écoute indépendante, protection et documentation|Les textes historiques ne remplacent pas les procédures contemporaines de protection.
OEU-110|Comment justifier publiquement un projet de service catholique ?|benedict@ch. 31, 36 et 53@Fournit trois critères de service concret|rn@passages sur les associations@Situe action collective et finalité sociale|history-method@livre III, opérations synthétiques@Fonde la qualité du dossier probant|Produire un projet avec mission, budget fictif, gouvernance, corpus et examen contradictoire|Distinguer projet étudiant et organisme réellement constitué.
SCI-101|Comment lire la création sans confondre récit biblique et modèle scientifique ?|bible@Genèse 1–2 ; Psaume 104 (103 selon numérotation)@Fait comparer récit et poésie de création|basil@homélie I@Montre une interprétation patristique de la nature|dei-filius@chapitre I@Précise la distinction entre créateur et monde|Comparer les trois genres dans un tableau de propositions et de limites|Les cosmologies anciennes sont étudiées historiquement.
SCI-102|Que peuvent respectivement établir la raison, l’observation et la foi ?|galileo-letter@passages sur Écriture et démonstration naturelle@Pose directement le problème des domaines de preuve|dei-filius@chapitre IV@Expose une articulation catholique historique de foi et raison|bellarmine@lettre du 12 avril 1615@Introduit preuve, hypothèse et prudence interprétative|Reconstituer un désaccord en séparant arguments scientifiques et herméneutiques|Ne pas transformer un conflit situé en opposition intemporelle entre science et religion.
SCI-103|Comment reconstruire une controverse sans juger ses acteurs à partir du seul résultat ?|galileo-letter@lettre de 1615, passages sur l’interprétation@Documente une défense argumentée|galileo-sentence@sentence du 22 juin 1633@Documente la décision institutionnelle|history-method@livre II, critique interne@Apporte la méthode de contextualisation|Construire une chronologie contradictoire indiquant qui savait quoi et quand|La sentence est un document judiciaire historique, non une lecture doctrinale fondatrice.
SCI-104|Comment distinguer évolution biologique, anthropologie et théologie de la création ?|darwin@ch. IV et XV de la sixième édition@Donne accès à une théorie historique de l’évolution|teilhard-noosphere@III, ch. I@Présente une interprétation teilhardienne du phénomène humain|bible@Genèse 1,26–31 ; Romains 8,18–25@Fournit les passages théologiques à comparer|Construire une carte des niveaux d’explication avec objections croisées|Darwin et Teilhard ne remplacent pas un enseignement actualisé de biologie.
SCI-105|Comment penser les relations du vivant sans projeter l’écologie moderne dans les textes anciens ?|bible@Genèse 2,15 ; Psaume 104 ; Lévitique 25,1–7@Fournit des images de soin, dépendance et repos de la terre|darwin@ch. III, Struggle for Existence@Documente une approche historique des relations du vivant|st1044@q. 44, a. 1–4@Introduit une causalité métaphysique distincte|Comparer description biologique, règle sociale et finalité théologique|Le mot écologie ne garantit pas l’identité des concepts entre époques.
SCI-106|Comment relier usage de la terre, pauvreté et justice ?|bible@Lévitique 25,8–28 ; Amos 5,10–24@Situe terre et justice dans deux genres bibliques|rn@passages sur propriété et destination des ressources@Présente un cadre social historique|ft@§ 114–127@Fournit l’exception contemporaine sur solidarité et destination des biens|Analyser un cas fictif d’accès à une ressource en explicitant les critères retenus|L’application environnementale est un travail éditorial, non une citation implicite du livre.
SCI-107|Le progrès technique suffit-il à définir un progrès humain ?|ruskin@The Lamp of Truth ; The Lamp of Life@Interroge travail, fabrication et finalité|rn@passages sur durée et conditions de travail@Relie technique et protection humaine|teilhard-omega@IV, ch. II@Offre une conception du devenir à discuter|Écrire une controverse entre efficacité, dignité du travail et finalité collective|Distinguer hypothèse teilhardienne et démonstration scientifique.
SCI-108|Que change la distinction entre organisme, personne et sujet du soin ?|nyssa@ch. 1–5@Documente une anthropologie patristique du corps|bible@Luc 10,25–37@Met en scène une relation concrète d’assistance|nursing@Observation of the Sick@Introduit une pratique historique d’attention aux signes|Comparer trois descriptions d’une même situation de vulnérabilité|Aucune prescription clinique actuelle n’est déduite de ces lectures.
SCI-109|Comment justifier une responsabilité envers un territoire et ses habitants ?|bible@Lévitique 25,23–28@Interroge appropriation et limite de la possession|vitoria@première partie, domination et titres de possession@Documente un débat colonial situé|ft@§ 116–127@Étend la discussion aux droits et à la destination des biens|Produire une carte des parties concernées et des arguments sur un territoire fictif|Vitoria reste un auteur du contexte colonial ; sa voix ne remplace pas celles des peuples concernés.
SCI-110|Comment constituer un dossier science-foi qui rende visibles ses limites ?|history-method@livre II, critique des sources@Fonde la méthode de vérification|galileo-letter@passages sur démonstration et interprétation@Fournit un cas de confrontation des méthodes|darwin@ch. XV@Permet d’éprouver la distinction entre théorie et extrapolation|Présenter un dossier sur une controverse avec corpus, arguments, incertitudes et réponse à une objection|Le corpus historique ne suffit pas à conclure sur l’état actuel d’une science.
ECO-101|Pourquoi le travail engage-t-il plus qu’un échange marchand ?|rn@passages sur travail, salaire et obligations mutuelles@Texte social directement centré sur le travail|bible@Deutéronome 24,14–15 ; Jacques 5,1–6@Documente l’exigence de paiement du travail|benedict@ch. 48@Compare travail communautaire et discipline de vie|Établir une grille d’analyse d’un contrat fictif à partir de trois conceptions du travail|Ne pas présenter les critères historiques comme un avis juridique.
ECO-102|Comment distinguer possession, usage et nécessité ?|st3066@q. 66, a. 1–2 et 7@Fournit les distinctions centrales|bible@Lévitique 25,23–28@Situe la terre dans une économie de l’alliance|rn@passages sur propriété privée@Permet de comparer deux cadres historiques|Commenter un cas de nécessité en exposant la règle et ses conditions|Ne pas confondre les contextes juridiques des sources.
ECO-103|Que distingue le don d’un échange et d’une obligation ?|bible@Luc 14,12–14 ; Actes 4,32–35@Donne deux formes de partage|st3077@q. 77, a. 1@Précise le problème de justice de l’échange|benedict@ch. 33–34@Présente la distribution communautaire selon les besoins|Comparer don, redistribution et échange dans trois situations fictives|Le partage monastique n’est pas une règle universelle d’organisation économique.
ECO-104|Qu’est-ce qu’un échange juste dans la pensée scolastique ?|st3077@q. 77, a. 1–4@Traite prix, information et activité marchande|st3066@q. 66, a. 2@Précise la place de la propriété|bible@Lévitique 19,35–36@Documente l’exigence de mesures loyales|Construire un argument sur prix, défaut caché et consentement|Les marchés actuels exigent des données et règles absentes du corpus.
ECO-105|Que doit une communauté aux personnes privées du nécessaire ?|bible@Amos 5,10–24 ; Matthieu 25,31–46@Relie critique de l’injustice et secours concret|chrysostom@homélie 50, passages sur le pauvre et l’autel@Confronte honneur liturgique et assistance|ft@§ 114–127@Donne une perspective contemporaine explicitement autorisée|Comparer assistance immédiate et transformation des conditions de pauvreté|Ne pas réduire la pauvreté à une faute individuelle.
ECO-106|Comment une association économique peut-elle servir ses membres et le bien commun ?|rn@passages sur associations et sociétés de secours@Traite directement des organisations collectives|benedict@ch. 3 et 57@Compare consultation et activité des artisans|bible@Actes 6,1–7@Interroge répartition équitable et délégation|Rédiger des statuts pédagogiques de coopération et une procédure de désaccord|Exercice historique et normatif, sans valeur de statuts juridiques.
ECO-107|Comment examiner moralement un prêt et ses effets ?|st3078@q. 78, a. 1–4@Lecture principale directement consacrée à l’usure|bible@Deutéronome 15,1–11 ; 23,20–21@Documente dette, remise et appartenance communautaire|rn@passages sur l’usure et la condition ouvrière@Replace la dette dans la question sociale|Comparer trois prêts fictifs en discutant risque, besoin, profit et dépendance|Distinguer catégories médiévales et instruments financiers contemporains.
ECO-108|Comment organiser la générosité sans créer de dépendance arbitraire ?|benedict@ch. 31, 34 et 53@Relie distribution, accueil et responsabilités|bible@Actes 4,32–35 ; 6,1–7@Met en évidence partage et tensions d’organisation|ft@§ 180–186@Relie amour politique et institutions|Concevoir un fonds d’entraide fictif avec critères publics et recours|La bienfaisance ne dispense pas d’examiner les rapports de pouvoir.
ECO-109|Quels principes historiques éclairent la transformation du travail sans la décrire à notre place ?|rn@passages sur conditions de travail et associations@Fournit des questions sociales explicites|ruskin@The Lamp of Life@Interroge rapport entre fabrication et activité humaine|benedict@ch. 48 et 57@Présente une organisation des rythmes et métiers|Analyser une plateforme fictive en séparant principe ancien et hypothèse contemporaine|Aucune source du corpus ne documente empiriquement une plateforme numérique actuelle.
ECO-110|Comment défendre un projet économique avec des sources et des objections ?|rn@passages sur salaire, propriété et associations@Fournit les tensions du dossier|st3077@q. 77, a. 1–4@Permet une analyse de l’échange|ft@§ 118–127@Élargit la discussion au bien commun|Remettre un dossier d’économie sociale avec comparaison de deux solutions et limites|Les chiffres éventuels doivent être présentés comme hypothèses pédagogiques.
THE-101|Comment lire ensemble Ancien et Nouveau Testament sans effacer leurs genres propres ?|bible@Genèse 12,1–9 ; Exode 19–20 ; Luc 24,13–35@Met en relation alliance, loi et relecture chrétienne|aug-doctrine@livre II, ch. 8–9 et 11–16@Introduit canon, langues et difficultés du texte|jerome@lettre 57, § 5–6@Montre les enjeux de traduction|Produire une lecture comparée avec genre, contexte, traduction et limites d’interprétation|Distinguer lecture juive, relecture chrétienne et analyse historique ; éviter de réduire l’Ancien Testament à une simple préparation.
THE-102|Comment une tradition peut-elle se développer tout en revendiquant une continuité ?|vincent@ch. 2 et 23@Pose les critères de tradition et de développement|newman-development@chapitre V, les sept notes du développement@Propose des critères explicites de discernement|dei-filius@chapitres II–IV@Distingue révélation, foi et raison|Comparer les critères de Vincent et Newman sur un développement doctrinal choisi|La sentence de Galilée devient un cas historique, non la source principale de la révélation.
THE-103|Comment affirmer l’unité divine et distinguer Père, Fils et Esprit ?|nicaea@symbole de foi de 325@Fournit une formulation conciliaire de référence|trinity@livre I, ch. 4–7@Expose unité, distinction et règles de lecture|bible@Matthieu 28,16–20 ; Jean 1,1–18 ; 14,15–26@Donne les passages à interpréter|Réaliser un glossaire commenté de substance, personne, relation et mission|Ne pas confondre preuve de l’existence de Dieu et théologie trinitaire ; le symbole de 325 n’est pas celui de 381.
THE-104|Comment parler d’un Christ pleinement divin et pleinement humain ?|athanasius@§ 1–10 et 54@Fonde la question de l’Incarnation et du salut|chalcedon@définition de foi de 451@Précise les distinctions de nature et de personne|bible@Jean 1,1–18 ; Philippiens 2,5–11@Permet de comparer proclamation biblique et définition|Construire une carte des distinctions christologiques et expliquer deux contresens|Situer les divergences de réception et éviter les caricatures des traditions non chalcédoniennes.
THE-105|Comment articuler grâce, liberté, salut et résurrection ?|aug-grace@ch. 1–5 et 16–17@Traite ensemble grâce et responsabilité|bible@Romains 3,21–31 ; 1 Corinthiens 15,12–28 ; Jacques 2,14–26@Rend visibles les différences de questions et de contextes|cyril@catéchèse XVIII, sur la résurrection@Ajoute un témoin oriental de l’enseignement catéchétique|Comparer les arguments sans opposer des versets isolés|Ne pas réduire les controverses sur la grâce à une opposition simple entre foi et actes.
THE-106|Comment les gestes sacramentels articulent-ils signe, communauté et présence ?|cyril@catéchèses mystagogiques XIX–XXIII@Documente baptême, chrismation et Eucharistie|justin1@ch. 61 et 65–67@Décrit initiation et assemblée eucharistique anciennes|bible@1 Corinthiens 11,17–34 ; Jacques 5,13–16 ; Éphésiens 5,21–33@Élargit le parcours vers soin, communauté et mariage|Construire un tableau des sept sacrements en distinguant témoins anciens et synthèse ultérieure|Ces trois sources ne suffisent pas à reconstituer toute la théologie sacramentaire ; signaler les lacunes pour ordre et pénitence.
THE-107|Comment distinguer exégèse mariale, débat théologique et définition doctrinale ?|ineffabilis@passage de définition de l’Immaculée Conception@Établit le point doctrinal de 1854|th-mary@III, q. 27, a. 2, réponse et réponses aux objections@Documente une position médiévale à contextualiser|bible@Luc 1,26–56 ; Jean 2,1–12 ; 19,25–27@Donne les passages bibliques directement pertinents|Écrire une note expliquant la différence entre sanctification et préservation du péché originel|Ne pas présenter la position de Thomas comme identique à la définition de 1854 ; la définition de 1950 reste hors corpus.
THE-108|Comment se forment l’autorité ecclésiale et la réception des décisions ?|didache@ch. 11–15@Documente ministères, discernement et communauté|nicaea@canons 4–6 et symbole@Distingue organisation, discipline et foi|eusebius@livre V, ch. 23–25@Présente la controverse pascale et ses médiations|Construire une chronologie commentée distinguant autorité, procédure et réception|Les règles anciennes ne sont pas le droit canonique actuel.
THE-109|Comment étudier la vie spirituelle sans confondre expérience et preuve ?|benedict@prologue ; ch. 8–20 et 48@Relie prière, lecture et rythme communautaire|teresa@septièmes demeures, ch. IV@Articule contemplation et actes|sales@première partie, ch. I–III ; troisième partie, ch. VIII–IX@Situe la dévotion dans des conditions de vie différentes et traite de la douceur|Comparer trois pratiques de lecture et de prière dans leurs contextes|L’exercice peut être analytique sans adhésion ni pratique religieuse obligatoire.
THE-110|Comment produire un dossier théologique dont chaque conclusion a un statut clair ?|vincent@ch. 23@Fournit un cas de développement doctrinal|history-method@livre II, critique interne@Fonde la vérification des témoins|chalcedon@définition de foi@Offre une source normative datée pour l’étude|Rédiger un dossier distinguant Écriture, concile, théologien, interprétation et objection|Un dossier étudiant ne constitue ni validation ecclésiale ni décision doctrinale.
ART-101|Comment une œuvre donne-t-elle une forme sensible à une idée du beau ?|dante@Paradis, chant XXXIII@Fait lire une œuvre poétique et ses images|ruskin@The Lamp of Beauty@Propose une esthétique à comparer|bible@Psaumes 8 et 19 (18 selon numérotation)@Offre une poésie de la création|Commenter une image poétique et une planche en reliant forme et signification|La beauté perçue ne démontre pas à elle seule une proposition théologique.
ART-102|Comment distinguer image, prototype, vénération et idolâtrie ?|icons@livre IV, ch. 16@Expose les distinctions dans une source orientale|bible@Exode 20,1–6 ; 25,17–22@Met en relation interdiction et images cultuelles|dante@planches de Doré associées au Paradis@Donne un objet visuel à analyser|Produire une notice d’image séparant description, fonction et interprétation|Comparer des contextes ; ne pas faire de toute image religieuse une icône au sens théologique.
ART-103|Comment un espace bâti organise-t-il l’attention et la vie commune ?|ruskin@The Lamp of Sacrifice ; The Lamp of Memory ; planches@Associe théorie et observation architecturale|bible@1 Rois 6–8, passages sur le Temple@Fournit un récit d’espace cultuel|benedict@ch. 52 et 53@Distingue oratoire et accueil|Annoter un plan schématique en justifiant parcours, seuils, usage et mémoire|Les dessins produits sont des analyses, non des plans de construction.
ART-104|Comment chant et texte organisent-ils une prière commune ?|music@sections I–III@Documente une réforme historique de la musique sacrée|benedict@ch. 8–20@Montre la place du chant et des psaumes dans le temps|bible@Psaumes 95 (94) et 150@Fournit deux textes destinés à une analyse de voix et de rythme|Annoter structure, reprises et répartition des voix d’un psaume puis comparer avec une partition historique vérifiée|La partition reste à sélectionner dans une édition antérieure à 1927 ; ne pas prétendre disposer déjà d’un fonds sonore.
ART-105|Comment un récit ou un poème transforme-t-il l’imagination chrétienne ?|dante@Enfer I ; Purgatoire I ; Paradis XXXIII@Fait comparer trois régimes poétiques|racine@préface ; acte I ; acte V@Donne une œuvre dramatique française|chesterton@chapitre IV, The Ethics of Elfland@Propose une réflexion sur imagination et raison|Comparer deux procédés littéraires sans réduire l’œuvre à son message|La littérature n’est pas une illustration interchangeable de la doctrine.
ART-106|Comment adapter une source religieuse sans effacer son genre ?|racine@actes I et V@Permet d’étudier scène, parole et conflit|bible@2 Rois 11@Donne le récit à comparer à la tragédie|dante@Enfer I et planche correspondante@Fournit un second passage entre texte et image|Créer un découpage de scène et justifier les écarts à la source|L’exercice audiovisuel est une adaptation contemporaine ; le corpus ne fournit pas une histoire complète du cinéma.
ART-107|Comment un objet de dévotion acquiert-il un sens pour une communauté ?|icons@livre IV, ch. 16@Fonde la distinction entre support matériel et référence|bible@Luc 1,46–55@Donne un texte de dévotion mariale|benedict@ch. 19–20 et 52@Situe gestes et lieux de prière|Rédiger une notice d’objet fictif indiquant usages, provenance et interprétations possibles|Ne pas attribuer une pratique à une population sans témoignage documenté.
ART-108|Que devient une tradition artistique lorsqu’elle se transforme ?|ruskin@The Lamp of Memory ; The Lamp of Life@Met en tension héritage et création|chesterton@chapitre IV@Propose une réflexion sur invention et tradition|dante@Paradis XXXIII et illustration de Doré@Permet de comparer deux époques d’une réception|Comparer une œuvre et sa réinterprétation en indiquant les continuités et déplacements|L’édition révisée de Maritain de 1935 reste en attente d’une édition admissible.
ART-109|Comment relier une œuvre à son auteur sans la réduire à sa biographie ?|racine@préface d’Athalie@Donne une présentation d’auteur à interroger|dante@Paradis XVII@Met en scène une trajectoire d’exil|history-method@livre II, critique interne@Évite la confusion entre autoportrait, témoignage et fait établi|Construire une fiche de trajectoire avec trois degrés de certitude|Un narrateur ou personnage ne parle pas nécessairement au nom de l’auteur.
ART-110|Comment construire un petit atlas culturel vérifiable ?|dante@un chant et sa planche, choisis et identifiés@Fournit un ensemble texte-image|racine@une scène choisie et identifiée@Introduit un autre genre artistique|ruskin@une planche et le chapitre correspondant@Fonde une comparaison architecturale|Produire six notices d’œuvres ou passages avec provenance, description et analyse comparée|Ne pas qualifier cet échantillon de panorama exhaustif des arts catholiques.
EDU-101|À quoi vise une éducation qui ne se réduit pas à l’utilité immédiate ?|newman-education@discours V@Traite directement la formation intellectuelle|aug-rhetoric@livre IV, ch. 12–15@Articule enseigner, rendre intelligible et persuader|bible@Proverbes 1–4@Introduit un autre genre de transmission de la sagesse|Rédiger une finalité éducative et trois objectifs observables en distinguant savoir et conduite|Les finalités proposées restent discutables et doivent être argumentées.
EDU-102|Comment comparer école monastique, catéchèse et université ?|benedict@prologue ; ch. 48 et 59@Documente discipline de lecture et contexte monastique|cyril@procatéchèse@Montre une formation liée à l’initiation|newman-education@discours V@Présente une conception universitaire du XIXe siècle|Construire une chronologie de trois modèles et nommer les périodes non documentées|Trois témoins ne constituent pas une histoire exhaustive des écoles catholiques.
EDU-103|Comment articuler unité du savoir, enquête et liberté intellectuelle ?|newman-education@discours V@Expose la culture intellectuelle universitaire|history-method@livre I, ch. 2@Précise l’apprentissage des méthodes documentaires|dei-filius@chapitre IV@Présente une articulation historique de raison et foi|Proposer un séminaire interdisciplinaire et ses exigences de preuve|Distinguer projet philosophique d’université et statut institutionnel reconnu.
EDU-104|Comment enseigner sans se substituer au jugement de l’apprenant ?|aug-rhetoric@livre IV, ch. 12–15 et 27–30@Relie clarté, persuasion et conduite du maître|newman-conscience@section 5@Introduit une limite à l’autorité|bible@Luc 24,13–35@Offre un récit de questionnement et d’interprétation|Réécrire une leçon sous forme de questions puis expliquer ce que l’apprenant doit pouvoir contester|Le récit biblique sert à une analyse pédagogique, non à imposer une méthode unique.
EDU-105|Comment faire travailler ensemble texte, langage et théologie ?|aug-doctrine@livre II, ch. 8–16@Introduit le travail des langues et du canon|jerome@lettre 57, § 5–6@Permet un exercice de traduction comparée|racine@préface et acte I@Donne une adaptation littéraire concrète|Concevoir une séance comparant une source, sa traduction et son adaptation|Ne pas attribuer à l’original les choix d’un traducteur ou dramaturge.
EDU-106|Que peut apporter une formation générale à une pratique professionnelle ?|newman-education@discours V@Expose la tension entre culture et utilité|nursing@Observation of the Sick@Donne un cas historique d’attention professionnelle|history-method@livre II, critique externe@Introduit la vérification des traces|Comparer raisonnement professionnel, apprentissage d’une technique et jugement critique|Le cours ne délivre aucune compétence clinique ou certification professionnelle.
EDU-107|Comment transmettre une culture sans figer ses mots ?|jerome@lettre 57@Documente les choix du traducteur|aug-doctrine@livre II, ch. 11–16@Articule langues et compréhension|bible@Actes 2,1–13@Donne un récit de pluralité linguistique|Construire un mini-glossaire bilingue avec contexte et désaccord de traduction|La pluralité linguistique ne doit pas être réduite à une perte d’unité.
EDU-108|Comment rendre une formation accessible sans abaisser ses exigences ?|newman-education@discours V@Permet de discuter la finalité de la formation|bible@Jacques 2,1–9@Met en question les distinctions de statut|ft@§ 187–189@Relie exclusion et responsabilité publique|Concevoir trois modalités d’accès à un même objectif avec critères communs|Les obstacles contemporains sont étudiés sur un cas fictif, faute d’enquête empirique dans le corpus.
EDU-109|Comment vérifier un contenu produit avec une machine à partir d’exigences anciennes de preuve ?|history-method@livre II, critique externe et interne@Fournit des opérations de vérification transférables|aug-rhetoric@livre IV, ch. 5 et 12@Distingue éloquence, savoir et compréhension|newman-education@discours V@Interroge accumulation d’informations et formation du jugement|Auditer trois affirmations générées pour l’exercice et documenter source, citation et incertitude|Les auteurs n’anticipent pas l’IA ; l’application est explicitement éditoriale.
EDU-110|Comment documenter une institution éducative sans confondre sa mission et ses effets ?|history-method@livre II–III, critique et synthèse@Fonde l’enquête documentaire|newman-education@discours V@Donne une finalité à comparer aux pratiques|benedict@prologue et ch. 48@Fournit un témoin historique de formation|Produire une monographie historique située avec sources, carte et limites|Remplacer la prétention à un atlas mondial actuel par une enquête historique délimitée.
SAN-101|Comment reconnaître une personne au-delà de son besoin d’assistance ?|bible@Luc 10,25–37@Place la rencontre au centre de l’attention|benedict@ch. 36@Fait du service des malades une responsabilité communautaire|nursing@Observation of the Sick@Documente l’attention historique aux signes et aux besoins|Comparer trois descriptions d’une personne et repérer ce que chacune rend invisible|Cours d’histoire et d’éthique ; aucun protocole de soin actuel.
SAN-102|Comment parler de la souffrance sans prétendre l’expliquer à la place de l’autre ?|bible@Job 2–3 ; 38–42@Met en tension plainte, discours explicatif et limites du savoir|aug-conf10@livre X, passages sur mémoire et intériorité@Donne un langage de l’expérience personnelle|nursing@Chattering Hopes and Advices@Critique une manière historique de parler au malade|Écrire deux dialogues et analyser les effets d’une explication imposée|Ne pas assimiler souffrance, faute morale et manque de foi.
SAN-103|Que signifie écouter et observer sans s’approprier l’expérience d’autrui ?|nursing@Observation of the Sick ; Chattering Hopes and Advices@Donne des situations concrètes d’attention|bible@Luc 24,13–35@Met en scène récit, question et reconnaissance|benedict@ch. 36–37@Prend en compte fragilité et adaptation|Annoter un dialogue fictif en distinguant observation, inférence et jugement|La traduction moderne de Stein reste une référence à examiner, pas une lecture imposée sans contrôle d’édition.
SAN-104|Comment argumenter une décision difficile sans effacer le conflit moral ?|st3064@q. 64, a. 7@Documente une analyse historique de l’action et de ses effets|st2018@q. 18, a. 2–4@Distingue objet, circonstances et fin|bible@Matthieu 5,21–26 et 38–48@Introduit une tension évangélique à discuter|Construire un arbre d’arguments sur un cas fictif non clinique avec objections|Aucune décision médicale ou juridique réelle ne doit être déduite de cet exercice.
SAN-105|Comment le milieu de vie entre-t-il dans l’histoire du soin ?|nursing@Health of Houses ; Cleanliness of Rooms and Walls@Documente l’attention historique à l’environnement|bible@Isaïe 58,6–12@Relie secours et justice|ft@§ 115–117 et 187–189@Introduit solidarité et exclusion|Établir une carte de facteurs sociaux dans un cas historique ou fictif|Les catégories actuelles de santé publique ne sont pas attribuées rétrospectivement à Nightingale.
SAN-106|Comment accompagner le deuil sans fermer la parole de la personne ?|bible@Psaume 22 (21) ; Jean 11,17–44 ; 1 Corinthiens 15,12–28@Compare plainte, présence et espérance|nursing@Chattering Hopes and Advices@Interroge les paroles qui encombrent l’écoute|imitation@livre I, ch. 23–24@Donne un témoin de préparation spirituelle à la mort|Comparer trois registres de discours et rédiger une note de limites|L’analyse ne remplace pas un accompagnement psychologique ou pastoral réel.
SAN-107|Comment adapter une communauté aux personnes fragiles ?|benedict@ch. 36–37@Prévoit des adaptations pour maladie, vieillesse et enfance|bible@1 Corinthiens 12,12–27@Interroge dignité et interdépendance des membres|ft@§ 97–98@Permet de discuter exclusions et appartenance|Revoir l’organisation fictive d’un lieu pour supprimer trois obstacles|Distinguer inclusion, assistance et autonomie ; ne pas réduire le handicap à la dépendance.
SAN-108|Comment organiser le soin sans perdre la responsabilité envers chacun ?|nursing@Petty Management ; Observation of the Sick@Traite de continuité et de transmission de l’attention|benedict@ch. 31 et 36@Articule ressources et service des malades|gregory@livre II, ch. 5–7@Interroge la responsabilité du dirigeant|Dessiner un circuit fictif de transmission d’une information et ses contrôles|Exercice historique d’organisation, sans validation pour un établissement clinique.
SAN-109|Comment documenter une œuvre de soin et la comparer à une autre ?|benedict@ch. 36 et 53@Fournit un premier modèle de service|nursing@préface ; Petty Management@Présente une autre tradition de pratique|history-method@livre II, critique interne@Fonde la comparaison documentaire|Rédiger deux notices historiques séparant intention déclarée, organisation et effets attestés|Un exemple monastique et un texte infirmier ne représentent pas tous les hôpitaux catholiques.
SAN-110|Comment produire une histoire située du soin avec un corpus limité ?|history-method@livre I–III, sélection et critique des documents@Fonde les limites de l’enquête|benedict@ch. 36@Offre une source institutionnelle ancienne|nursing@Observation of the Sick@Fournit un point de comparaison historique|Présenter une microhistoire du soin avec trois sources, chronologie et lacunes|Le projet devient historique et délimité plutôt qu’un atlas mondial contemporain non sourcé.
LET-101|Comment un signe renvoie-t-il à une chose sans s’y confondre ?|aug-doctrine@livre II, ch. 1–3@Fonde une distinction entre signes et choses|jerome@lettre 57, § 5–6@Montre les difficultés du passage entre langues|bible@Jean 1,1–18@Fait étudier un usage théologique du mot Verbe|Construire une carte de trois usages du mot parole avec exemples situés|Ne pas confondre analyse linguistique et définition théologique.
LET-102|Comment établir ce qu’un texte permet réellement d’affirmer ?|aug-doctrine@livre II, ch. 8–16@Introduit canon, langues et interprétation|history-method@livre II, critique interne@Fonde la distinction entre texte et inférence|bible@Genèse 1–2 ; Luc 24,13–35@Permet de comparer deux genres et une relecture|Annoter un passage en distinguant citation, paraphrase et interprétation|Une lecture symbolique doit être argumentée et identifiée comme telle.
LET-103|Que change le passage du grec ou du latin à une langue vernaculaire ?|jerome@lettre 57, § 5–6@Documente une théorie de la traduction|dei-filius@chapitre IV, texte latin@Offre un petit corpus latin défini|bible@Jean 1,1–18, Crampon 1923@Fournit un texte français pour l’analyse des termes|Créer un lexique de dix termes avec morphologie, traduction et contexte|Ce cours est une initiation philologique, pas une formation complète au grec et au latin.
LET-104|Quand la fidélité au sens exige-t-elle de s’éloigner de la lettre ?|jerome@lettre 57@Texte principal directement consacré à la traduction|aug-doctrine@livre II, ch. 11–16@Permet de discuter variantes et compréhension|bible@Psaume 22 (21) ; Jean 1,1–18@Fournit des passages courts à comparer|Commenter trois choix de traduction sans inventer de sens absent de l’original|La comparaison avec une autre édition doit indiquer sa date et son traducteur.
LET-105|Comment distinguer persuasion, explication et preuve ?|aug-rhetoric@livre IV, ch. 5, 12–15 et 27–30@Traite directement de l’enseignement et du discours|justin1@ch. 1–4@Donne un cas d’adresse apologétique|gaunilo@Pour l’insensé, objections à l’argument d’Anselme@Fournit une objection à reconstruire loyalement|Écrire un argument, sa meilleure objection et une réponse avec références|Ne pas compter deux fois la même page comme deux preuves indépendantes.
LET-106|Comment un auteur français réélabore-t-il une source chrétienne ?|racine@préface ; actes I et V@Donne une œuvre française complète|therese@Histoire d’une âme, chapitre I de l’édition de 1912@Ajoute une voix féminine et permet d’interroger l’écriture autobiographique et son édition|bible@2 Rois 11@Permet de contrôler l’adaptation de Racine|Comparer autobiographie spirituelle, récit biblique et tragédie|Cet échantillon français ne représente pas toute la francophonie ; d’autres territoires restent à documenter.
LET-107|Comment lire un texte sur un autre peuple sans reprendre ses catégories comme des faits ?|vitoria@première partie, titres de domination@Expose une argumentation située dans l’expansion coloniale|bible@Actes 2,1–13 ; 15,1–29@Met en scène langue, appartenance et décision collective|history-method@livre II, critique interne@Fonde l’analyse du point de vue et des silences|Annoter un passage en repérant auteur, destinataires, catégories et voix absentes|La parole des peuples concernés doit être recherchée ; elle n’est pas remplacée par Vitoria.
LET-108|Comment un terme devient-il une distinction doctrinale ?|nicaea@symbole de 325@Introduit un vocabulaire normatif daté|chalcedon@définition de 451@Permet de comparer nature et personne|trinity@livre I, ch. 4–7@Montre le travail théologique des distinctions|Rédiger six notices terminologiques avec contexte et contresens à éviter|Ne pas projeter le sens contemporain de personne dans tous les usages anciens.
LET-109|Comment bâtir un glossaire sans transformer une ressemblance en équivalence ?|aug-doctrine@livre II, ch. 1–3@Fonde la relation signe-chose|ockham@Somme de logique I,14@Introduit le problème des universaux et termes|history-method@livre II, critique interne@Exige une preuve pour chaque attribution|Créer dix notices avec source, sens situé, relation et niveau de certitude|Les liens éditoriaux ne deviennent pas des assertions Kristal sans validation du corpus.
LET-110|Comment produire un corpus linguistique dont les choix sont reproductibles ?|jerome@lettre 57@Fournit un texte de départ pour l’annotation|aug-rhetoric@livre IV, ch. 12–15@Donne un second genre de discours|history-method@livre I et critique externe@Fonde provenance, sélection et transcription|Livrer un corpus de vingt passages avec règle de sélection, lexique et limites|Respecter la distinction entre référence externe et droit de redistribution du texte.
PHI-101|Que distingue une cause, une raison et un principe de l’être ?|st1002@q. 2, a. 3@Expose cinq voies à reconstruire séparément|anselm@Proslogion, ch. II–IV@Donne un autre type d’argument|gaunilo@Pour l’insensé@Fournit une objection historique précise|Reconstruire deux arguments sous forme de prémisses et discuter une objection|Ne pas présenter l’accord entre plusieurs auteurs comme une démonstration supplémentaire.
PHI-102|Comment distinguer certitude, assentiment et preuve ?|descartes@parties II et IV@Propose une méthode et une recherche de certitude|newman-assent@chapitre IX@Interroge le jugement et l’assentiment|history-method@livre II, critique interne@Fournit un contrepoint sur la preuve historique|Comparer trois critères de justification appliqués à la même affirmation|Distinguer vérité d’une proposition et degré de confiance du sujet.
PHI-103|Comment penser l’unité de la personne sans effacer le corps ?|st1075@q. 75, a. 1–4@Pose le problème de la nature de l’âme|st1076@q. 76, a. 1@Examine l’union âme-corps|nyssa@ch. 1–5@Ajoute un témoin patristique oriental|Comparer deux anthropologies et formuler une objection à chacune|Ces anthropologies historiques ne constituent pas des résultats de neurosciences.
PHI-104|Quelles conditions rendent un acte imputable à une personne ?|st2006@q. 6, a. 1–8@Traite directement du volontaire et de l’involontaire|st2013@q. 13, a. 1–6@Précise le choix|newman-conscience@section 5@Introduit conscience et autorité|Analyser trois cas fictifs selon intention, connaissance et contrainte|L’imputabilité morale ne se confond pas avec une qualification juridique.
PHI-105|Comment distinguer bien recherché, bonheur et formation des vertus ?|st2002@q. 2, a. 1–8@Compare différents biens candidats au bonheur|st2055@q. 55, a. 1–4@Définit la vertu comme disposition|boethius@livre III, proses 2–9@Offre une autre mise en scène de la recherche du bonheur|Rédiger une comparaison entre possession d’un bien et transformation du sujet|Ne pas transformer une définition philosophique en diagnostic psychologique.
PHI-106|Peut-on expliquer le mal sans nier l’expérience de la souffrance ?|st1048@q. 48, a. 1–6@Expose une analyse métaphysique du mal|bible@Job 2–3 et 38–42@Résiste à la réduction de la souffrance à une explication unique|boethius@livre IV, proses 1–6@Relie providence, liberté et injustice|Confronter une explication métaphysique et une parole de plainte|Une réponse conceptuelle ne suffit pas à répondre à une personne souffrante.
PHI-107|Comment distinguer commencement, création et expérience du temps ?|aug-time@livre XI, ch. 14–28@Examine l’expérience et la mesure du temps|st1046@q. 46, a. 1–3@Distingue création et commencement temporel|bergson@chapitre I@Introduit durée et devenir dans un cadre différent|Comparer trois sens du mot temps avec un exemple et une limite pour chacun|Ne pas faire de ces textes des théories physiques contemporaines.
PHI-108|Comment passer d’une nature commune à une norme d’action ?|ockham@Somme de logique I,14@Introduit une critique des universaux|st2094@q. 94, a. 2–4@Expose principes et applications de la loi naturelle|st2090@q. 90, a. 1–4@Précise le concept de loi|Comparer une thèse sur les universaux et un argument normatif sans sauter d’étape|Ne pas déduire automatiquement une obligation d’une description de la nature.
PHI-109|Qu’est-ce qui rapproche et sépare les écoles de philosophie chrétienne ?|anselm@Proslogion, ch. I–IV@Fait apparaître une démarche de foi en quête d’intelligence|bonaventure-full@chapitres I et VII@Propose une autre architecture du cheminement|st1002@q. 2, a. 1–3@Fournit une démarche scolastique distincte|Construire une matrice comparant point de départ, méthode, objection et finalité|L’appartenance chrétienne n’efface pas les divergences philosophiques.
PHI-110|Comment rendre une argumentation philosophique vérifiable dans Kristal ?|anselm@Proslogion, ch. II–IV@Fournit un argument de départ|gaunilo@Pour l’insensé et réponse d’Anselme@Permet la reconstruction contradictoire|history-method@livre II, critique interne@Fonde la provenance des attributions|Produire un graphe de propositions avec citations localisées, objections et degrés d’incertitude|Le graphe représente une lecture éditoriale ; il ne certifie pas la vérité de l’argument.
GOV-101|D’où une autorité tire-t-elle sa légitimité et ses limites ?|st2090@q. 90, a. 1–4@Relie loi, raison et bien commun|aug-city@livre XIX, ch. 13–17@Situe paix et ordre politique|bible@1 Samuel 8@Présente une critique biblique du pouvoir royal|Comparer trois conceptions de l’autorité et leurs mécanismes de limitation|L’autorité religieuse, politique et associative doit être distinguée.
GOV-102|Comment distinguer loi juste, loi positive et jugement moral ?|st2094@q. 94, a. 2–4@Expose les principes de loi naturelle|th-law@I-II, q. 96, a. 1–4@Traite portée et limites de la loi humaine|bible@Exode 20 ; Deutéronome 16,18–20@Donne un cadre biblique de loi et de justice|Analyser une règle fictive en distinguant validité, finalité et justice|Le cours n’expose pas le droit positif actuellement applicable.
GOV-103|À quel niveau une responsabilité collective doit-elle être exercée ?|rn@passages sur famille, État et associations@Fournit des antécédents historiques directement pertinents|benedict@ch. 3 et 31@Documente consultation et délégation|ft@§ 175 et 187–189@Permet une comparaison avec l’action publique et la solidarité|Répartir les responsabilités d’un cas fictif entre personne, association et autorité|Ne pas attribuer à Rerum novarum la formulation de subsidiarité de 1931, hors corpus.
GOV-104|Comment étudier liberté de conscience et pluralisme dans un corpus historique limité ?|newman-conscience@section 5@Traite directement la conscience et l’obéissance|justin1@ch. 1–4@Documente une demande de jugement équitable|ft@§ 279@Fournit une formulation contemporaine autorisée sur liberté religieuse|Comparer protection de la conscience, tolérance et liberté religieuse|Le corpus ne remplace pas une histoire complète de l’enseignement catholique sur la liberté religieuse.
GOV-105|Comment décider ensemble sans réduire la participation à une formalité ?|benedict@ch. 3 et 64@Documente consultation et choix du responsable|bible@Actes 15,1–29@Met en scène controverse, délibération et décision|ft@§ 198–205@Introduit le dialogue social|Simuler une délibération avec objections, réponse motivée et compte rendu|Un modèle monastique ou apostolique n’est pas une démocratie représentative moderne.
GOV-106|Comment distinguer mission de l’Église et organisation politique ?|aug-city@livre XIX, ch. 17@Articule paix temporelle et finalités distinctes|newman-conscience@section 5@Interroge autorité civile, religieuse et conscience|bible@Marc 12,13–17 ; Actes 5,27–32@Donne deux situations à comparer|Écrire une analyse de conflit d’autorités en identifiant le domaine de chaque argument|Ne pas présenter ces sources comme une synthèse du droit actuel des relations Église-État.
GOV-107|Comment examiner un argument colonial sans le reproduire comme cadre neutre ?|vitoria@première partie, titres et domination@Donne une argumentation historique à critiquer|ft@§ 13–14 et 116–127@Permet d’interroger mémoire, domination et droits|history-method@livre II, critique interne@Fonde l’examen des voix absentes et des intérêts|Construire un dossier avec arguments, silences et besoins de sources des peuples concernés|La présence de Vitoria ne vaut ni justification de la colonisation ni représentation des peuples colonisés.
GOV-108|Comment comparer guerre juste, paix et non-violence ?|st3040@q. 40, a. 1@Expose des critères historiques de guerre juste|bible@Matthieu 5,38–48@Introduit une exigence évangélique à confronter aux critères|ft@§ 255–262@Fournit une critique contemporaine autorisée de la guerre|Comparer critères, objections et transformations historiques sans les harmoniser artificiellement|Ne pas utiliser le cours pour qualifier une opération militaire réelle sans faits vérifiés.
GOV-109|Comment soutenir un désaccord politique sans effacer conscience et prudence ?|newman-conscience@section 5@Relie conscience et autorité|st3047@q. 47, a. 1–8@Précise le jugement prudentiel|ft@§ 198–205@Décrit une pratique du dialogue|Écrire une position et sa meilleure objection, puis réviser l’argument|Le désaccord argumenté ne constitue pas en lui-même une faute doctrinale.
GOV-110|Comment défendre une proposition de gouvernance avec des preuves et des limites ?|st2090@q. 90, a. 1–4@Fournit un cadre sur loi et bien commun|benedict@ch. 3 et 64@Offre un modèle institutionnel historique|ft@§ 180–197@Relie responsabilité politique et service|Produire un dossier avec règle proposée, justification, effets attendus et mécanisme de recours|Les effets sont des hypothèses tant qu’aucune enquête empirique ne les établit.
COS-101|Comment lire un ouvrage-charnière sans le transformer en doctrine ni lui inventer une structure ?|cosmic@notice bibliographique ; table et bibliographie à relever sur exemplaire légal@Nomme l’ouvrage réel et la limite d’accès actuelle|history-method@livre II, critique externe et interne@Fonde le relevé vérifiable des références|dei-filius@chapitres I et IV@Donne un point de comparaison catholique explicitement distinct|Créer une fiche d’ouvrage et une liste de questions sans attribuer de chapitres non consultés|La table des matières et la bibliographie du Dieu cosmique ne sont pas disponibles dans le snapshot.
COS-102|Que peut-on attribuer à Einstein lorsque l’on ne dispose que d’une synthèse sur sa pensée religieuse ?|cosmic@passages sur Einstein à repérer dans un exemplaire légal ; pagination non vérifiée@Fournit l’ouvrage d’orientation sans lui substituer une citation inventée|pascal-fr@fragment des deux infinis, identifié par incipit@Donne un complément historique sur l’émerveillement et les limites|spinoza@partie I, définitions et propositions 14–15@Permet de préciser une conception de Dieu et de la nature|Établir un tableau séparant citation attestée, paraphrase attribuée et rapprochement UCC|Aucun texte primaire d’Einstein sur le sentiment religieux cosmique n’est ici prescrit ; ne pas importer tacitement un texte de 1930 hors politique.
COS-103|Que signifie l’immanence dans l’Éthique de Spinoza ?|spinoza@partie I, définitions ; propositions 14–18@Lecture principale directement liée à l’immanence|dei-filius@chapitre I@Donne une distinction catholique entre Dieu et monde|st1044@q. 44, a. 1–4@Fournit un modèle de causalité à comparer|Comparer substance, cause et création en reconstruisant les arguments|La comparaison n’équivaut ni à une adhésion à Spinoza ni à son assimilation au catholicisme.
COS-104|Comment distinguer intelligibilité du cosmos et affirmation d’un créateur ?|bible@Genèse 1 ; Psaume 19 (18)@Présente deux genres de discours sur le monde|st1044@q. 44, a. 1–4@Expose une argumentation métaphysique|spinoza@partie I, appendice@Critique une lecture finaliste à comparer|Construire trois colonnes : observation, argument métaphysique, interprétation religieuse|Un ordre mathématique ne démontre pas à lui seul une conclusion théologique.
COS-105|Comment comparer expérience religieuse et langage mystique sans les réduire à une seule échelle ?|james@conférences XVI–XVII, Mysticism@Propose une approche psychologique historique|teresa@septièmes demeures, ch. IV@Fournit un témoignage spirituel situé|bonaventure-full@chapitre VII@Donne une autre articulation de connaissance et contemplation|Comparer critères, vocabulaire et finalité en explicitant ce qui reste incommensurable|La description d’une expérience ne prouve ni ne réfute seule son interprétation théologique.
COS-106|Où finit un modèle scientifique et où commence une interprétation métaphysique ?|galileo-letter@passages sur démonstration et interprétation@Documente une distinction de méthodes|dei-filius@chapitre IV@Fournit un cadre de comparaison foi-raison|spinoza@partie I, appendice@Permet de discuter finalité et explication|Classer douze propositions rédigées pour l’exercice selon leur type de justification|L’architecture du parcours est UCC ; elle n’est pas présentée comme le plan du livre.
COS-107|Comment Bergson pense-t-il le devenir et quelles sont les limites de cette lecture ?|bergson@chapitres I–II@Donne le texte directement étudié|darwin@chapitres IV et XV de la sixième édition@Fournit une comparaison historique des explications de l’évolution|aug-time@livre XI, ch. 14–28@Éclaire une autre interrogation sur le temps|Comparer durée, mécanisme et finalité sans confondre leurs objets|L’élan vital n’est pas présenté comme résultat établi de la biologie actuelle.
COS-108|Comment situer noosphère et point Oméga dans l’œuvre de Teilhard ?|teilhard-noosphere@III, ch. I@Fournit un passage directement associé à la réflexion|teilhard-omega@IV, ch. II@Donne le développement sur convergence et Oméga|bible@Colossiens 1,15–20@Offre un texte christologique à comparer|Produire une carte avec texte de Teilhard, parallèle biblique et interprétation personnelle séparés|Teilhard est une exception d’auteur ; ses propositions ne sont ni définitions magistérielles ni preuves scientifiques.
COS-109|Comment comparer transcendance, immanence et Dieu personnel sans les confondre ?|spinoza@partie I, propositions 14–18 et appendice@Fournit une conception précise à reconstruire|dei-filius@chapitre I@Pose la distinction créateur-créature|james@conférences XVI–XVII et XX@Introduit le point de vue de l’expérience et ses limites|Construire une matrice de positions avec incompatibilités, rapprochements et zones indécidées|Un continuum de navigation n’implique pas que toutes les positions soient compatibles.
COS-110|Comment produire une cartographie fidèle des conceptions du divin ?|spinoza@partie I, définitions et appendice@Fournit une position philosophique précisément localisable|dei-filius@chapitres I et IV@Fournit une position catholique distincte|james@conférences XVI–XVII@Ajoute une méthode descriptive de l’expérience|Livrer une carte distinguant références vérifiées du livre, compléments UCC et relations discutées|Les références réellement tirées du Dieu cosmique restent vides tant que l’exemplaire n’est pas consulté.
