bible|Bible — traduction Crampon, édition révisée de 1923|Auteurs bibliques ; traduction Augustin Crampon et réviseurs|1923|fr|https://fr.wikisource.org/wiki/Bible_Crampon_1923|scripture|Édition historique de référence pour les lectures bibliques ; les dates de composition varient selon les livres.
benedict|Règle de saint Benoît|Benoît de Nursie|530|en|https://ccel.org/ccel/benedict/rule/rule|monastic_rule|Règle monastique ; toute transposition à une organisation moderne exige une discussion des différences de contexte. Date approximative de composition ; édition de la traduction à vérifier.
gregory|Règle pastorale, livre II|Grégoire le Grand|590|en|https://www.newadvent.org/fathers/36012.htm|patristic|Responsabilité pastorale et conduite de soi ; ne constitue pas un manuel contemporain de gestion.
athanasius|Sur l’Incarnation du Verbe|Athanase d’Alexandrie|350|en|https://www.newadvent.org/fathers/2802.htm|patristic|Composition au IVe siècle ; l’année sert de borne approximative, non de datation exacte.
trinity|De la Trinité, livre I|Augustin d’Hippone|420|en|https://www.newadvent.org/fathers/130101.htm|patristic|Composition au début du Ve siècle ; expliquer les limites des analogies trinitaires.
nicaea|Concile de Nicée — symbole et canons|Concile de Nicée|325|en|https://www.newadvent.org/fathers/3801.htm|conciliar|Distinguer le symbole de 325, les canons disciplinaires et les commentaires de l’éditeur.
chalcedon|Concile de Chalcédoine — définition de foi|Concile de Chalcédoine|451|en|https://www.newadvent.org/fathers/3811.htm|conciliar|Lire la définition christologique dans son contexte ; ne pas effacer les divergences de réception entre Églises.
vincent|Commonitorium|Vincent de Lérins|434|en|https://www.newadvent.org/fathers/3506.htm|patristic|Continuité et développement : comparer le chapitre 23 avec Newman, sans les déclarer identiques.
cyril|Catéchèses — index des conférences|Cyrille de Jérusalem ; attribution traditionnelle|350|en|https://www.newadvent.org/fathers/3101.htm|patristic|Les catéchèses mystagogiques ont une histoire d’attribution discutée ; distinguer témoignage ancien et synthèse ultérieure des sept sacrements.
justin1|Première Apologie|Justin Martyr|155|en|https://www.newadvent.org/fathers/0126.htm|patristic|Témoignage apologétique du IIe siècle ; datation approximative.
didache|Didachè|Auteur anonyme|100|en|https://www.newadvent.org/fathers/0714.htm|early_church|Datation discutée, fin du Ier ou début du IIe siècle ; ne pas imposer une précision artificielle.
eusebius|Histoire ecclésiastique, livre V|Eusèbe de Césarée|325|en|https://www.newadvent.org/fathers/250105.htm|historical_testimony|Historien et témoin situé ; distinguer documents cités, récit et interprétation apologétique.
jerome|Lettre 57 à Pammachius — de la meilleure méthode de traduction|Jérôme|395|en|https://www.newadvent.org/fathers/3001057.htm|patristic|Comparer sens et lettre ; examiner le traitement particulier de l’Écriture.
aug-rhetoric|De la doctrine chrétienne, livre IV|Augustin d’Hippone|426|en|https://www.newadvent.org/fathers/12024.htm|patristic|Rhétorique de l’enseignement et de la prédication ; distinguer convaincre et démontrer.
icons|Exposé de la foi orthodoxe, livre IV|Jean Damascène|730|en|https://www.newadvent.org/fathers/33044.htm|patristic|Le chapitre 16 traite des images ; situer la controverse iconoclaste. Datation approximative.
ineffabilis|Ineffabilis Deus|Pie IX|1854|it|https://www.vatican.va/content/pius-ix/it/documents/18541208-costituzione-apostolica-ineffabilis-deus.html|magisterial|Définition de l’Immaculée Conception ; comparer explicitement avec Thomas, III, q. 27, a. 2. Traduction italienne du portail, date non établie.
dei-filius|Dei Filius|Concile Vatican I ; promulgation Pie IX|1870|la|https://www.vatican.va/content/pius-ix/la/documents/constitutio-dogmatica-dei-filius-24-aprilis-1870.html|conciliar|Texte latin : création, révélation, foi et raison ; ne pas confondre avec Dei Verbum (1965).
music|Tra le sollecitudini|Pie X|1903|it|https://www.vatican.va/content/pius-x/it/motu_proprio/documents/hf_p-x_motu-proprio_19031122_sollecitudini.html|magisterial_disciplinary|Document historique de discipline musicale ; ne pas le présenter comme réglementation liturgique actuelle.
history-method|Introduction to the Study of History|Charles-Victor Langlois et Charles Seignobos|1898|en|https://www.gutenberg.org/ebooks/29637|methodology|Méthode historique : collecte, critique et synthèse ; traduction anglaise de G. G. Berry, édition affichée 1904.
nursing|Notes on Nursing: What It Is, and What It Is Not|Florence Nightingale|1860|en|https://www.gutenberg.org/ebooks/17366|historical_practice|Document d’histoire du soin, non catholique et non protocole clinique actuel ; ne pas appliquer ses prescriptions médicales sans validation contemporaine.
ruskin|The Seven Lamps of Architecture|John Ruskin|1849|en|https://www.gutenberg.org/ebooks/35898|aesthetics|Perspective chrétienne non catholique ; analyser aussi les planches, sans réduire l’architecture à la théorie.
dante|La Divine Comédie — traduction H. F. Cary, illustrations Gustave Doré|Dante Alighieri|1321|en|https://www.gutenberg.org/ebooks/8800|literature|Poème et imaginaire théologique ; ne pas traiter la géographie de l’au-delà comme une définition doctrinale. Œuvre achevée vers 1321.
racine|Athalie|Jean Racine|1691|fr|https://fr.wikisource.org/wiki/Athalie|drama|Comparer la tragédie avec 2 Rois 11 ; l’adaptation dramatique n’est pas une traduction biblique.
darwin|The Origin of Species by Means of Natural Selection|Charles Darwin|1859|en|https://www.gutenberg.org/ebooks/2009|history_of_science|Édition liée : sixième édition, 1872 ; distinguer théorie historique, philosophie et science actuelle.
imitation|L’Imitation de Jésus-Christ — traduction anglaise|Thomas a Kempis ; attribution traditionnelle|1441|en|https://www.gutenberg.org/ebooks/1653|spirituality|Datation approximative du texte ; spiritualité dévotionnelle, non traité systématique de théologie.
therese|Histoire d’une âme — édition de 1912|Thérèse de Lisieux ; édition posthume|1898|fr|https://fr.wikisource.org/wiki/Histoire_d%E2%80%99une_%C3%A2me|spiritual_autobiography|Lire cette édition de 1912 comme une publication posthume composée et éditée ; ne pas la confondre avec les manuscrits autobiographiques établis ultérieurement.
sales|Introduction à la vie dévote — édition Boulenger, 1909|François de Sales|1609|fr|https://fr.wikisource.org/wiki/Introduction_%C3%A0_la_vie_d%C3%A9vote_%28Boulenger%29|spirituality|Texte dans l’état de 1619, édition de 1909 ; distinguer conseils spirituels, situation historique et accompagnement actuel.
